OFFENSE,YEAR,STREET,LAT,LON
ROBBERY,2012,JERSEY ST,42.34284135,-71.09698955
ROBBERY,2012,COLLINS ST,42.27051636,-71.11989955
ROBBERY,2012,SYDNEY ST,42.31328183,-71.0530059
ROBBERY,2012,REGENT ST,42.32425136,-71.08620956
ROBBERY,2012,FULLER ST,42.28245637,-71.06981457
ROBBERY,2012,SHAWMUT AV,42.33326635,-71.08299956
ROBBERY,2012,WARREN ST,42.31335135,-71.08361455
ROBBERY,2012,WASHINGTON ST,42.34445634,-71.06560956
ROBBERY,2012,COMMONWEALTH AV,42.35061784,-71.12851965
ROBBERY,2012,GLENVILLE AV,42.35047863,-71.13290212
ROBBERY,2012,HYDE PARK AV,42.25332425,-71.12466158
ROBBERY,2012,TALBOT AV,42.29041636,-71.07270956
ROBBERY,2012,WASHINGTON ST,42.24662137,-71.11893955
ROBBERY,2012,BORDER ST,42.37619134,-71.03980956
ROBBERY,2012,COMMONWEALTH AV,42.34505135,-71.14232954
ROBBERY,2012,AMERICAN LEGION HY,42.28405295,-71.11241077
ROBBERY,2012,ATHELWOLD ST,42.29653136,-71.07477956
ROBBERY,2012,CAMBRIDGE ST,42.35490135,-71.13419954
ROBBERY,2012,WARREN ST,42.32973635,-71.08325955
ROBBERY,2012,FAIRMOUNT AV,42.25292494,-71.11866197
ROBBERY,2012,W BROADWAY,42.33614915,-71.0467171
ROBBERY,2012,E INDIA ROW,42.35794766,-71.05081372
ROBBERY,2012,CENTRE ST,42.32486135,-71.09800455
ROBBERY,2012,BOYLSTON ST,42.34923635,-71.08036955
ROBBERY,2012,SHAWMUT AV,42.33688135,-71.07874956
ROBBERY,2012,AVENUE DE LAFAYETTE,42.35324634,-71.06101456
ROBBERY,2012,BOYLSTON ST,42.35237134,-71.06490456
ROBBERY,2012,COLUMBIA RD,42.30754136,-71.07608956
ROBBERY,2012,STANIFORD ST,42.36409135,-71.06335957
ROBBERY,2012,ROCKLAND ST,42.32204135,-71.08376956
ROBBERY,2012,BOSTON ST,42.32501543,-71.05924631
ROBBERY,2012,COMMONWEALTH AV,42.34879135,-71.13802954
ROBBERY,2012,BOWDOIN ST,42.30336136,-71.07139956
ROBBERY,2012,MERIDIAN ST,42.37712134,-71.03917957
ROBBERY,2012,BROOK ST,42.37841134,-71.03471957
ROBBERY,2012,DUDLEY ST,42.32849135,-71.08086956
ROBBERY,2012,PARK DR,42.34197135,-71.09651955
ROBBERY,2012,TREMONT ST,42.34607829,-71.0693661
ROBBERY,2012,MONMOUTH ST,42.37940134,-71.03923957
ROBBERY,2012,DUDLEY ST,42.32104128,-71.07209693
ROBBERY,2012,TREMONT ST,42.33193579,-71.09381871
ROBBERY,2012,PAUL GORE ST,42.31972341,-71.1084199
ROBBERY,2012,SUMMER ST,42.35257134,-71.05529956
ROBBERY,2012,FALCON ST,42.38197634,-71.03476457
ROBBERY,2012,BLUE HILL AV,42.26959636,-71.09377455
ROBBERY,2012,DORCHESTER AV,42.28831136,-71.06358456
ROBBERY,2012,COLUMBIA RD,42.31576135,-71.06645456
ROBBERY,2012,COMMONWEALTH AV,42.35057635,-71.08372456
ROBBERY,2012,HIGHLAND ST,42.32386136,-71.09326956
ROBBERY,2012,MARKET ST,42.35355135,-71.15071953
ROBBERY,2012,TONAWANDA ST,42.29840138,-71.06817959
ROBBERY,2012,MASSACHUSETTS AV,42.32929635,-71.06899456
ROBBERY,2012,MELVILLE AV,42.29378636,-71.07002457
ROBBERY,2012,WASHINGTON ST,42.32974135,-71.08452455
ROBBERY,2012,EDWARDSON ST,42.26383137,-71.11035955
ROBBERY,2012,MOHAWK ST,42.32893635,-71.05571956
ROBBERY,2012,MASSACHUSETTS AV,42.32731635,-71.06731956
ROBBERY,2012,MERIDIAN ST,42.37595634,-71.03911957
ROBBERY,2012,WESTWIND RD,42.32068135,-71.04271457
ROBBERY,2012,CHELSEA ST,42.37405634,-71.03392957
ROBBERY,2012,PEARL ST,42.31491136,-71.05833456
ROBBERY,2012,BENNINGTON ST,42.37723634,-71.03269957
ROBBERY,2012,SCHOOL ST,42.35754362,-71.05886606
ROBBERY,2012,MT VERNON ST,42.31906135,-71.04578956
ROBBERY,2012,CAROLINA AV,42.30765136,-71.11546955
ROBBERY,2012,TALBOT AV,42.29174136,-71.07718956
ROBBERY,2012,DORCHESTER AV,42.30755136,-71.05844957
ROBBERY,2012,HILLSIDE ST,42.33011906,-71.10136665
ROBBERY,2012,ARLINGTON ST,42.34839135,-71.06926957
ROBBERY,2012,DORCHESTER AV,42.29429635,-71.06191456
ROBBERY,2012,HOSMER ST,42.28079637,-71.09039953
ROBBERY,2012,LONGWOOD AV,42.34033135,-71.10985955
ROBBERY,2012,WESTVILLE ST,42.30011498,-71.07108061
ROBBERY,2012,GALLIVAN BL,42.28339136,-71.05002457
ROBBERY,2012,DORCHESTER AV,42.28988136,-71.06313956
ROBBERY,2012,WASHINGTON ST,42.29300635,-71.07184956
ROBBERY,2012,ALLEGHANY ST,42.33061136,-71.09969454
ROBBERY,2012,STATE ST,42.35878634,-71.05740456
ROBBERY,2012,ASHMONT ST,42.28537136,-71.07119956
ROBBERY,2012,GENEVA AV,42.29848136,-71.06315456
ROBBERY,2012,COLUMBUS AV,42.31375635,-71.09578955
ROBBERY,2012,DORCHESTER ST,42.33091635,-71.05422956
ROBBERY,2012,EVANS ST,42.28306136,-71.07676956
ROBBERY,2012,OLNEY ST,42.30547923,-71.07267361
ROBBERY,2012,ASHMONT ST,42.28516136,-71.06775956
ROBBERY,2012,HUNTINGTON AV,42.33534135,-71.10144955
ROBBERY,2012,ATLANTIC AV,42.35262135,-71.05542957
ROBBERY,2012,WASHINGTON ST,42.29523136,-71.07208456
ROBBERY,2012,MAVERICK SQ,42.36897634,-71.03941457
ROBBERY,2012,SEAVER ST,42.30869467,-71.09044998
ROBBERY,2012,CENTRAL SQ,42.37468775,-71.03891217
ROBBERY,2012,CUMMINS HY,42.26795957,-71.09472696
ROBBERY,2012,MOSELEY ST,42.32068135,-71.05436956
ROBBERY,2012,TREMONT ST,42.33623135,-71.08584956
ROBBERY,2012,MASSACHUSETTS AV,42.32549135,-71.06574955
ROBBERY,2012,MEDFORD ST,42.37914134,-71.05716957
ROBBERY,2012,WASHINGTON ST,42.27353589,-71.07003285
ROBBERY,2012,PIE AL,42.35815134,-71.05878456
ROBBERY,2012,DEVINE WY,42.32858135,-71.05497456
ROBBERY,2012,TREMONT ST,42.33388135,-71.10399454
ROBBERY,2012,GARNER RD,42.35368135,-71.12831454
ROBBERY,2012,NORFOLK ST,42.27923636,-71.08928456
ROBBERY,2012,WATER ST,42.35812185,-71.05467994
ROBBERY,2012,CHELSEA ST,42.37515634,-71.03263458
ROBBERY,2012,SOUTH ST,42.35015634,-71.05749456
ROBBERY,2012,MONADNOCK ST,42.31799135,-71.06728957
ROBBERY,2012,SAUNDERS ST,42.3534088,-71.14208761
ROBBERY,2012,RIVER ST,42.25938275,-71.11729354
ROBBERY,2012,CENTRE ST,42.29383635,-71.06124956
ROBBERY,2012,DUNLAP ST,42.29278579,-71.07330446
ROBBERY,2012,TRUMAN PY,42.25196296,-71.11916996
ROBBERY,2012,BOWDOIN ST,42.30701635,-71.06616956
ROBBERY,2012,FAYWOOD AV,42.39214002,-71.00887398
ROBBERY,2012,SHARP ST,42.29259136,-71.06700957
ROBBERY,2012,ORLANDO ST,42.27479636,-71.09883957
ROBBERY,2012,BLUE HILL AV,42.30397135,-71.08486956
ROBBERY,2012,TREMONT ST,42.33940135,-71.08011956
ROBBERY,2012,NEWBURY ST,42.35226635,-71.07250956
ROBBERY,2012,WASHINGTON ST,42.35823137,-71.05792977
ROBBERY,2012,TREMONT ST,42.35634134,-71.06208456
ROBBERY,2012,DORCHESTER AV,42.31659138,-71.05668715
ROBBERY,2012,COMMONWEALTH AV,42.35048135,-71.13105954
ROBBERY,2012,HARVARD ST,42.29714635,-71.07667956
ROBBERY,2012,BOYLSTON ST,42.35237134,-71.06490456
ROBBERY,2012,COLUMBIA RD,42.30984135,-71.07284956
ROBBERY,2012,AUCKLAND ST,42.31046635,-71.05676457
ROBBERY,2012,DARTMOUTH ST,42.34583135,-71.07525956
ROBBERY,2012,COLUMBIA RD,42.3061281,-71.07799887
ROBBERY,2012,DITSON ST,42.30150635,-71.06417956
ROBBERY,2012,GLENVILLE AV,42.35089635,-71.13198454
ROBBERY,2012,HIGHGATE ST,42.35508867,-71.13173567
ROBBERY,2012,SHAWMUT AV,42.33566135,-71.08045956
ROBBERY,2012,HUDSON ST,42.35071134,-71.06006956
ROBBERY,2012,COLUMBIA RD,42.32000733,-71.0591838
ROBBERY,2012,MASSACHUSETTS AV,42.3399307,-71.08097569
ROBBERY,2012,NORFOLK ST,42.27783136,-71.09097956
ROBBERY,2012,HOWARD AV,42.31943135,-71.07237956
ROBBERY,2012,JAMAICA ST,42.30546363,-71.11627905
ROBBERY,2012,GENEVA AV,42.29848136,-71.06315456
ROBBERY,2012,FREDERIKA ST,42.28347136,-71.05908957
ROBBERY,2012,SACHEM ST,42.33102635,-71.10532455
ROBBERY,2012,NEWPORT ST,42.31801471,-71.05404178
ROBBERY,2012,BARRY ST,42.30742635,-71.07015956
ROBBERY,2012,MASSACHUSETTS AV,42.33151135,-71.07083456
ROBBERY,2012,HYDE PARK AV,42.26701069,-71.12097728
ROBBERY,2012,BOYLSTON ST,42.35237134,-71.06490456
ROBBERY,2012,COLUMBUS AV,42.33786135,-71.08544455
ROBBERY,2012,LOMBARD ST,42.28571136,-71.06175957
ROBBERY,2012,LONDON ST,42.37331134,-71.03902957
ROBBERY,2012,BERKELEY ST,42.35202135,-71.07344956
ROBBERY,2012,RUGGLES ST,42.33450135,-71.08950956
ROBBERY,2012,FULLER ST,42.2836616,-71.06589348
ROBBERY,2012,BOYLSTON ST,42.35237134,-71.06490456
ROBBERY,2012,MASSACHUSETTS AV,42.33325635,-71.07289955
ROBBERY,2012,OLD COLONY AV,42.32657135,-71.05252956
ROBBERY,2012,CENTRAL AV,42.25934136,-71.12029955
ROBBERY,2012,BUSINESS ST,42.25234721,-71.12821136
ROBBERY,2012,BOYLSTON ST,42.34652135,-71.09043955
ROBBERY,2012,PARK DR,42.34321135,-71.09455955
ROBBERY,2012,MASSACHUSETTS AV,42.33490135,-71.07516956
ROBBERY,2012,FRANCIS ST,42.33546135,-71.10691954
ROBBERY,2012,TOWNSEND ST,42.31810643,-71.09023792
ROBBERY,2012,CENTRE ST,42.32276135,-71.10442455
ROBBERY,2012,HARVARD AV,42.34902135,-71.12987954
ROBBERY,2012,GLENVILLE AV,42.35113135,-71.13142954
ROBBERY,2012,HEATH ST,42.32623635,-71.10315955
ROBBERY,2012,CHARLES ST,42.30013136,-71.06338957
ROBBERY,2012,IDAHO ST,42.2727368,-71.07640917
ROBBERY,2012,BOYLSTON ST,42.34689135,-71.08920955
ROBBERY,2012,EDWIN ST,42.28941636,-71.06051457
ROBBERY,2012,CHENEY ST,42.30918135,-71.08488455
ROBBERY,2012,COLUMBUS AV,42.34811134,-71.07241456
ROBBERY,2012,NORFOLK ST,42.27783136,-71.09097956
ROBBERY,2012,HAVILAND ST,42.34636135,-71.08925955
ROBBERY,2012,DORCHESTER AV,42.28744136,-71.06382957
ROBBERY,2012,SHAWMUT AV,42.33566135,-71.08045956
ROBBERY,2012,GALLIVAN BL,42.28260136,-71.05613457
ROBBERY,2012,POPLAR ST,42.28591027,-71.12887946
ROBBERY,2012,DITMUS CT,42.33716135,-71.08260955
ROBBERY,2012,ROSECLAIR ST,42.32086086,-71.06007161
ROBBERY,2012,ADAMS ST,42.29726136,-71.05662957
ROBBERY,2012,BEACON ST,42.35191135,-71.08549956
ROBBERY,2012,LEXINGTON ST,42.37713134,-71.03989957
ROBBERY,2012,BLUE HILL AV,42.27058636,-71.09360455
ROBBERY,2012,ST STEPHEN ST,42.33856635,-71.09007455
ROBBERY,2012,GENEVA AV,42.30107136,-71.06751957
ROBBERY,2012,SPENCER ST,42.29201766,-71.07544791
ROBBERY,2012,PARKER ST,42.33514135,-71.09477955
ROBBERY,2012,WASHINGTON ST,42.30383135,-71.07886456
ROBBERY,2012,WASHINGTON ST,42.34839135,-71.06412957
ROBBERY,2012,BLUE HILL AV,42.29815136,-71.08701956
ROBBERY,2012,COLEMAN ST,42.30775136,-71.06682957
ROBBERY,2012,MAGNOLIA ST,42.31035135,-71.07467956
ROBBERY,2012,TRULL ST,42.31248434,-71.06546278
ROBBERY,2012,WASHINGTON ST,42.33767135,-71.07532956
ROBBERY,2012,EVERETT ST,42.36643134,-71.03229957
ROBBERY,2012,PRINCETON ST,42.37955134,-71.03057457
ROBBERY,2012,FULLER ST,42.28311636,-71.06766456
ROBBERY,2012,E BROOKLINE ST,42.33920635,-71.07202956
ROBBERY,2012,ELM HILL AV,42.30958136,-71.08743956
ROBBERY,2012,TRENTON ST,42.37818634,-71.03833957
ROBBERY,2012,MASSACHUSETTS AV,42.34728135,-71.08772955
ROBBERY,2012,MASSACHUSETTS AV,42.34185635,-71.08364455
ROBBERY,2012,W CONCORD ST,42.33960135,-71.07699955
ROBBERY,2012,COLUMBUS AV,42.33930135,-71.08330956
ROBBERY,2012,WORCESTER ST,42.33823135,-71.07665956
ROBBERY,2012,COLUMBIA RD,42.3164411,-71.06582908
ROBBERY,2012,BOWDOIN ST,42.36054634,-71.06290456
ROBBERY,2012,WASHINGTON ST,42.30081135,-71.11296955
ROBBERY,2012,DORCHESTER AV,42.28865136,-71.06348957
ROBBERY,2012,DORCHESTER AV,42.30558135,-71.05888456
ROBBERY,2012,KNAPP ST,42.35072135,-71.06220956
ROBBERY,2012,GREENWOOD ST,42.30261635,-71.07916956
ROBBERY,2012,COLUMBIA RD,42.30922135,-71.07383456
ROBBERY,2012,SOUTH ST,42.28838136,-71.13538954
ROBBERY,2012,PARK ST,42.35644135,-71.06197957
ROBBERY,2012,RIVER ST,42.24639137,-71.13628955
ROBBERY,2012,WARREN ST,42.31981136,-71.08138956
ROBBERY,2012,MASSACHUSETTS AV,42.33325635,-71.07289955
ROBBERY,2012,COMMERCIAL ST,42.36719134,-71.05247957
ROBBERY,2012,CLEARWAY ST,42.34543135,-71.08675956
ROBBERY,2012,MASSACHUSETTS AV,42.34071135,-71.08193455
ROBBERY,2012,SYDNEY ST,42.31590135,-71.05257456
ROBBERY,2012,W 7TH ST,42.33501635,-71.05191956
ROBBERY,2012,GORDON ST,42.35367156,-71.140722
ROBBERY,2012,PRINCETON ST,42.37916134,-71.03163957
ROBBERY,2012,MAGNOLIA ST,42.31475635,-71.07160956
ROBBERY,2012,HUDSON ST,42.35071134,-71.06006956
ROBBERY,2012,VIRGINIA ST,42.31619136,-71.06784957
ROBBERY,2012,DORCHESTER AV,42.32683135,-71.05687957
ROBBERY,2012,AMERICAN LEGION HY,42.27785639,-71.11616328
ROBBERY,2012,METROPOLITAN AV,42.28075636,-71.13254453
ROBBERY,2012,BLUE HILL AV,42.29324136,-71.08855455
ROBBERY,2012,COLUMBIA RD,42.31700135,-71.06508957
ROBBERY,2012,HARRISON AV,42.33490135,-71.07516956
ROBBERY,2012,DORCHESTER AV,42.28395136,-71.06479957
ROBBERY,2012,LYON ST,42.30637017,-71.06020789
ROBBERY,2012,COLUMBIA RD,42.31508477,-71.06683616
ROBBERY,2012,GENEVA AV,42.30107136,-71.06751957
ROBBERY,2012,MORRISSEY BL,42.29684981,-71.04895284
ROBBERY,2012,GREENVILLE ST,42.32723569,-71.08059616
ROBBERY,2012,BOSTON ST,42.32780135,-71.05798456
ROBBERY,2012,DELHI ST,42.27605136,-71.08962456
ROBBERY,2012,BOSTON ST,42.32780135,-71.05798456
ROBBERY,2012,MUSEUM RD,42.33856135,-71.09584955
ROBBERY,2012,GARDNER ST,42.32945135,-71.09393955
ROBBERY,2012,WINTHROP ST,42.32561361,-71.07976524
ROBBERY,2012,WINTHROP ST,42.32561361,-71.07976524
ROBBERY,2012,BERKELEY ST,42.34525135,-71.06981956
ROBBERY,2012,MASSACHUSETTS AV,42.32731635,-71.06731956
ROBBERY,2012,CENTRE ST,42.32968135,-71.09319955
ROBBERY,2012,KNEELAND ST,42.35063634,-71.06184956
ROBBERY,2012,INDIA ST,42.35789135,-71.05130957
ROBBERY,2012,SAVIN HILL AV,42.31127531,-71.05314298
ROBBERY,2012,BLUE HILL AV,42.31904136,-71.07775956
ROBBERY,2012,MOZART ST,42.32148635,-71.10470455
ROBBERY,2012,CUMMINS HY,42.28446136,-71.12509955
ROBBERY,2012,DARTMOUTH ST,42.35066134,-71.07763955
ROBBERY,2012,BLUE HILL AV,42.30397135,-71.08486956
ROBBERY,2012,BEACON ST,42.33627635,-71.14850953
ROBBERY,2012,CHELSEA ST,42.38257403,-71.02407272
ROBBERY,2012,GLADSTONE ST,42.38913565,-71.00171995
ROBBERY,2012,BYRON ST,42.38438558,-71.01831507
ROBBERY,2012,BERKELEY ST,42.34696135,-71.07094956
ROBBERY,2012,H ST,42.33094135,-71.04138957
ROBBERY,2012,BABSON ST,42.27649137,-71.09266956
ROBBERY,2012,VALLAR RD,42.39262966,-71.00843603
ROBBERY,2012,PARIS ST,42.37442134,-71.03529458
ROBBERY,2012,BROOKS ST,42.37808134,-71.03449957
ROBBERY,2012,WASHINGTON ST,42.33599135,-71.07765956
ROBBERY,2012,LOGAN WY,42.32779635,-71.05437456
ROBBERY,2012,RUTLAND SQ,42.34238722,-71.0788506
ROBBERY,2012,WELLINGTON ST,42.34153591,-71.08179542
ROBBERY,2012,ANDERSON ST,42.36060634,-71.06779456
ROBBERY,2012,WASHINGTON ST,42.34868134,-71.06401456
ROBBERY,2012,COLUMBIA RD,42.3065968,-71.07708825
ROBBERY,2012,MERIDIAN ST,42.37674138,-71.03915227
ROBBERY,2012,COMMERCIAL ST,42.36749032,-71.05777014
ROBBERY,2012,NORTHAMPTON ST,42.33461135,-71.07598456
ROBBERY,2012,BEACON ST,42.35614135,-71.06941956
ROBBERY,2012,TREMONT ST,42.33388135,-71.10399454
ROBBERY,2012,MASSACHUSETTS AV,42.33236135,-71.07191956
ROBBERY,2012,TALBOT AV,42.29023136,-71.07210956
ROBBERY,2012,ARLINGTON ST,42.26248137,-71.12077955
ROBBERY,2012,BOYLSTON ST,42.35237134,-71.06490456
ROBBERY,2012,DITSON ST,42.30083136,-71.06379957
ROBBERY,2012,SARATOGA ST,42.38293953,-70.99598192
ROBBERY,2012,KILMARNOCK ST,42.34266635,-71.09938455
ROBBERY,2012,WOODROW AV,42.28572636,-71.09031956
ROBBERY,2012,CONDOR ST,42.38261134,-71.03476457
ROBBERY,2012,LONG WHRF,42.35975135,-71.05091957
ROBBERY,2012,W BROOKLINE ST,42.34259296,-71.07599153
ROBBERY,2012,PREBLE ST,42.32923635,-71.05276456
ROBBERY,2012,GLENDALE ST,42.31307204,-71.06931498
ROBBERY,2012,HUNTINGTON AV,42.33349135,-71.10609955
ROBBERY,2012,NORFOLK ST,42.32460135,-71.06871957
ROBBERY,2012,HANCOCK ST,42.31220635,-71.06390456
ROBBERY,2012,ELMER RD,42.28634136,-71.05868456
ROBBERY,2012,LAMARTINE ST,42.31897136,-71.10356955
ROBBERY,2012,CENTRE ST,42.32283635,-71.10382955
ROBBERY,2012,COLUMBIA RD,42.31320635,-71.06801956
ROBBERY,2012,SHEPARD ST,42.34743135,-71.15020454
ROBBERY,2012,FENWAY,42.34442135,-71.09076955
ROBBERY,2012,WASHINGTON ST,42.30081135,-71.11296955
ROBBERY,2012,VIRGINIA ST,42.31535065,-71.06859975
ROBBERY,2012,HARRISON AV,42.33044723,-71.08165603
ROBBERY,2012,COMMONWEALTH AV,42.35145135,-71.08046956
ROBBERY,2012,COLUMBIA RD,42.31320635,-71.06822456
ROBBERY,2012,WASHINGTON ST,42.33623635,-71.07735456
ROBBERY,2012,DORCHESTER AV,42.30174135,-71.05975456
ROBBERY,2012,WASHINGTON ST,42.35647634,-71.05929456
ROBBERY,2012,SAVIN ST,42.31519136,-71.07850956
ROBBERY,2012,RUGGLES ST,42.33587135,-71.09081955
ROBBERY,2012,COLUMBUS AV,42.31459635,-71.09678955
ROBBERY,2012,LONDON ST,42.37382134,-71.03840957
ROBBERY,2012,SAWYER AV,42.31271136,-71.05885957
ROBBERY,2012,ARBORWAY,42.3079609,-71.11968491
ROBBERY,2012,BOYLSTON ST,42.35237134,-71.06490456
ROBBERY,2012,SYDNEY ST,42.31656635,-71.05259956
ROBBERY,2012,TREMONT ST,42.33388135,-71.10399454
ROBBERY,2012,CENTRE ST,42.29470636,-71.05798956
ROBBERY,2012,CASTLE CT,42.34509635,-71.06745956
ROBBERY,2012,MASSACHUSETTS AV,42.34154635,-71.08318955
ROBBERY,2012,SAWYER AV,42.31285523,-71.06285427
ROBBERY,2012,HAROLD ST,42.31295136,-71.09259956
ROBBERY,2012,DORCHESTER AV,42.28576136,-71.06427957
ROBBERY,2012,SURFACE RD,42.36011634,-71.05723956
ROBBERY,2012,TREMONT ST,42.34412135,-71.07132956
ROBBERY,2012,COPELAND ST,42.32170135,-71.08190956
ROBBERY,2012,DORCHESTER AV,42.31946135,-71.05675456
ROBBERY,2012,DRAPER ST,42.30165502,-71.06328466
ROBBERY,2012,DRAPER ST,42.30135136,-71.06304957
ROBBERY,2012,BOYLSTON ST,42.35006135,-71.07737956
ROBBERY,2012,WINTER ST,42.35553634,-71.06071956
ROBBERY,2012,METROPOLITAN AV,42.27029137,-71.12060955
ROBBERY,2012,KNEELAND ST,42.35010135,-71.05976957
ROBBERY,2012,SHAFTER ST,42.29892545,-71.07692328
ROBBERY,2012,HUNTINGTON AV,42.34283135,-71.08498955
ROBBERY,2012,E COTTAGE ST,42.32135135,-71.07218956
ROBBERY,2012,CENTRE STREET TR,42.32281635,-71.10085955
ROBBERY,2012,CENTRE ST,42.32283635,-71.10382955
ROBBERY,2012,BLUE HILL AV,42.32285136,-71.07667956
ROBBERY,2012,CEDAR ST,42.32542551,-71.09136437
ROBBERY,2012,MARLBOROUGH ST,42.35037635,-71.08784956
ROBBERY,2012,TRUMAN PY,42.24122921,-71.12625579
ROBBERY,2012,E ST,42.34347635,-71.04268459
ROBBERY,2012,NAZING ST,42.30661328,-71.08584104
ROBBERY,2012,HIGH ST,42.35660969,-71.05187589
ROBBERY,2012,TREMONT ST,42.33480635,-71.08864455
ROBBERY,2012,TREMONT ST,42.35644135,-71.06197957
ROBBERY,2012,WASHINGTON ST,42.33488635,-71.07901956
ROBBERY,2012,BOURNESIDE ST,42.29657136,-71.06263957
ROBBERY,2012,UNION ST,42.36059634,-71.05673456
ROBBERY,2012,FESSENDEN ST,42.27856075,-71.092001
ROBBERY,2012,WASHINGTON ST,42.33551635,-71.07824956
ROBBERY,2012,ATHENS ST,42.33870806,-71.04958255
ROBBERY,2012,BLUE HILL AV,42.29005136,-71.08944455
ROBBERY,2012,BOYLSTON ST,42.35013134,-71.07714456
ROBBERY,2012,SCHUYLER ST,42.30815136,-71.08517956
ROBBERY,2012,FULLER ST,42.2836616,-71.06589348
ROBBERY,2012,ASHMONT ST,42.28576136,-71.06427957
ROBBERY,2012,PRINCETON ST,42.37681634,-71.03789458
ROBBERY,2012,JOSEPH ST,42.28975636,-71.06608456
ROBBERY,2012,KERR WY,42.33427135,-71.08498955
ROBBERY,2012,CHELSEA ST,42.37282134,-71.03541958
ROBBERY,2012,DORCHESTER ST,42.33328462,-71.05030341
ROBBERY,2012,ASPINWALL RD,42.29135136,-71.07436956
ROBBERY,2012,STATE ST,42.35878634,-71.05740456
ROBBERY,2012,WASHINGTON ST,42.35452134,-71.06142456
ROBBERY,2012,MALCOLM X BL,42.33109591,-71.09038894
ROBBERY,2012,MALCOLM X BL,42.33109591,-71.09038894
ROBBERY,2012,NORWELL ST,42.30027181,-71.07883611
ROBBERY,2012,DEVON ST,42.31036777,-71.08056819
ROBBERY,2012,CAMBRIDGE STREET AV,42.35313135,-71.13851453
ROBBERY,2012,ORTON MAROTTA WY,42.33829635,-71.05538956
ROBBERY,2012,COLUMBUS AV,42.32815135,-71.09699955
ROBBERY,2012,ADAMS ST,42.29930136,-71.05815957
ROBBERY,2012,CENTRE ST,42.32281635,-71.10085955
ROBBERY,2012,E 7TH ST,42.33528135,-71.05233957
ROBBERY,2012,BLOSSOM ST,42.36168634,-71.06688456
ROBBERY,2012,ALBANY ST,42.33880135,-71.06601956
ROBBERY,2012,MONADNOCK ST,42.31799135,-71.06728957
ROBBERY,2012,BEACON ST,42.34832135,-71.09898955
ROBBERY,2012,E COTTAGE ST,42.32005245,-71.06101624
ROBBERY,2012,BRIGHTON AV,42.35299135,-71.13208954
ROBBERY,2012,E COTTAGE ST,42.32136135,-71.06579957
ROBBERY,2012,CENTRE ST,42.32227635,-71.10883455
ROBBERY,2012,SALEM ST,42.36552634,-71.05526956
ROBBERY,2012,DORCHESTER AV,42.28984136,-71.06314957
ROBBERY,2012,TREMONT ST,42.33388135,-71.10399454
ROBBERY,2012,BOYLSTON ST,42.34865634,-71.08256955
ROBBERY,2012,COLUMBIA RD,42.31508477,-71.06683616
ROBBERY,2012,FULLER ST,42.28071137,-71.07712957
ROBBERY,2012,TREMONT ST,42.33194923,-71.094024
ROBBERY,2012,FLORIAN ST,42.28672137,-71.11868955
ROBBERY,2012,TREMONT ST,42.34468697,-71.07038662
ROBBERY,2012,NEWBURY ST,42.34846635,-71.08665456
ROBBERY,2012,PARKER ST,42.33229135,-71.09676455
ROBBERY,2012,TREMONT ST,42.35624135,-71.06218957
ROBBERY,2012,CAMBRIDGE ST,42.35925134,-71.05941456
ROBBERY,2012,BENNINGTON ST,42.37688134,-71.03370957
ROBBERY,2012,FALCON ST,42.38196635,-71.03185957
ROBBERY,2012,JOSEPHINE ST,42.30052136,-71.06494457
ROBBERY,2012,TREMLETT ST,42.29470636,-71.07057957
ROBBERY,2012,LONGWOOD AV,42.33594135,-71.10033955
ROBBERY,2012,WARREN ST,42.31738635,-71.08225955
ROBBERY,2012,ADAMS ST,42.27130697,-71.06814847
ROBBERY,2012,CENTRAL SQ,42.37505388,-71.03886721
ROBBERY,2012,BLOOMFIELD ST,42.29908139,-71.0683246
ROBBERY,2012,TREMONT ST,42.33488135,-71.08876455
ROBBERY,2012,WORCESTER ST,42.34009135,-71.07881956
ROBBERY,2012,MATHER ST,42.29446666,-71.0642023
ROBBERY,2012,BURKE ST,42.33195135,-71.05212956
ROBBERY,2012,WARREN ST,42.30950135,-71.08271455
ROBBERY,2012,DORCHESTER AV,42.33012135,-71.05598957
ROBBERY,2012,BOYLSTON ST,42.34609161,-71.09378346
ROBBERY,2012,WALNUT PARK,42.31564135,-71.09648954
ROBBERY,2012,FIDELIS WY,42.3453122,-71.14293624
ROBBERY,2012,SAWYER AV,42.31287935,-71.05961538
ROBBERY,2012,AUCKLAND ST,42.31115136,-71.05662957
ROBBERY,2012,MASSACHUSETTS AV,42.34283135,-71.08498955
ROBBERY,2012,COLUMBIA RD,42.31508477,-71.06683616
ROBBERY,2012,WASHINGTON ST,42.27877136,-71.06950957
ROBBERY,2012,KNEELAND ST,42.34967135,-71.05759957
ROBBERY,2012,ATLANTIC AV,42.35271634,-71.05532956
ROBBERY,2012,TREMONT ST,42.35435802,-71.0637575
ROBBERY,2012,BLUE HILL AV,42.29843635,-71.08672955
ROBBERY,2012,FOLLEN ST,42.34508135,-71.07985955
ROBBERY,2012,SAVIN HILL AV,42.31285136,-71.05805957
ROBBERY,2012,OLD COLONY AV,42.32923635,-71.05276456
ROBBERY,2012,CHELSEA ST,42.37918221,-71.02795008
ROBBERY,2012,DORCHESTER AV,42.30782135,-71.05838956
ROBBERY,2012,WASHINGTON ST,42.34395135,-71.06592957
ROBBERY,2012,WASHINGTON ST,42.28779636,-71.07120956
ROBBERY,2012,PATTERSON WY,42.33162135,-71.05101457
ROBBERY,2012,HUBBARD ST,42.31620136,-71.10537955
ROBBERY,2012,WHITMAN ST,42.28702136,-71.07707955
ROBBERY,2012,WHITE ST,42.38051134,-71.03612957
ROBBERY,2012,MCLELLAN ST,42.30041136,-71.08469956
ROBBERY,2012,MARTIN LUTHER KING BLVD,42.32021635,-71.08878955
ROBBERY,2012,WAINWRIGHT ST,42.29037636,-71.06705456
ROBBERY,2012,CHILD ST,42.30676636,-71.11389955
ROBBERY,2012,BAILEY ST,42.28474136,-71.06457957
ROBBERY,2012,HARVARD ST,42.28205831,-71.09995903
ROBBERY,2012,GLADSTONE ST,42.38941442,-71.00572922
ROBBERY,2012,MALLET ST,42.29048136,-71.05760957
ROBBERY,2012,WARREN ST,42.31576135,-71.08314456
ROBBERY,2012,AMERICAN LEGION HY,42.28774136,-71.10679955
ROBBERY,2012,MARION ST,42.37500134,-71.03418957
ROBBERY,2012,DORCHESTER ST,42.33080135,-71.05447957
ROBBERY,2012,CENTRE ST,42.32275156,-71.10004452
ROBBERY,2012,ASHMONT ST,42.28534136,-71.06548957
ROBBERY,2012,BOYLSTON ST,42.35237134,-71.06490456
ROBBERY,2012,MAYFIELD ST,42.31671135,-71.05938957
ROBBERY,2012,ERNST ST,42.31830635,-71.09937455
ROBBERY,2012,HARVARD ST,42.29809635,-71.07592456
ROBBERY,2012,TROTTER CT,42.33614135,-71.08162456
ROBBERY,2012,HEMENWAY ST,42.34669672,-71.08917287
ROBBERY,2012,ADAMS ST,42.30656135,-71.06205456
ROBBERY,2012,AMERICAN LEGION HY,42.29815136,-71.08701956
ROBBERY,2012,GORDON AV,42.25636137,-71.12609955
ROBBERY,2012,CHESTERTON ST,42.33003461,-71.07091631
ROBBERY,2012,ROUND HILL ST,42.32438136,-71.10498955
ROBBERY,2012,HOWARD AV,42.31407635,-71.07524956
ROBBERY,2012,SOUTHERN AV,42.29026136,-71.07474456
ROBBERY,2012,CHELSEA ST,42.37258821,-71.03566427
ROBBERY,2012,FULLER ST,42.2836616,-71.06589348
ROBBERY,2012,BRUNSWICK ST,42.31089636,-71.08006455
ROBBERY,2012,BENNINGTON ST,42.37648634,-71.03477458
ROBBERY,2012,HILLSIDE ST,42.32985135,-71.10046955
ROBBERY,2012,SUDAN ST,42.31667136,-71.05540456
ROBBERY,2012,ARMSTRONG ST,42.32122635,-71.10432955
ROBBERY,2012,GORDON ST,42.31042635,-71.10846455
ROBBERY,2012,FOREST ST,42.32651135,-71.07738956
ROBBERY,2012,PARKER HILL AV,42.32868135,-71.10176455
ROBBERY,2012,TREMONT ST,42.35435802,-71.0637575
ROBBERY,2012,BENNINGTON ST,42.37805634,-71.03047458
ROBBERY,2012,MASSACHUSETTS AV,42.33325635,-71.07289955
ROBBERY,2012,ST STEPHEN ST,42.34221135,-71.08706955
ROBBERY,2012,WELLSMERE RD,42.27885636,-71.13313954
ROBBERY,2012,W NEWTON ST,42.34316135,-71.07853956
ROBBERY,2012,MASSACHUSETTS AV,42.32634635,-71.06646456
ROBBERY,2012,ADAMS ST,42.29141136,-71.05724957
ROBBERY,2012,ALMONT ST,42.28120136,-71.09789955
ROBBERY,2012,BREMEN ST,42.37478134,-71.03204958
ROBBERY,2012,TEMPLE PL,42.35515135,-71.06203955
ROBBERY,2012,BOYLSTON ST,42.31601136,-71.10279955
ROBBERY,2012,RESERVATION RD,42.25428137,-71.13393954
ROBBERY,2012,WASHINGTON ST,42.31614635,-71.09793955
ROBBERY,2012,CROWN POINT DR,42.25752627,-71.14750833
ROBBERY,2012,CHARLES ST,42.30054739,-71.06143409
ROBBERY,2012,WALNUT PARK,42.31564135,-71.09648954
ROBBERY,2012,IMRIE RD,42.35260635,-71.13884953
ROBBERY,2012,MARLBOROUGH ST,42.35138635,-71.08412456
ROBBERY,2012,HAZELTON ST,42.28069131,-71.09622017
ROBBERY,2012,MAGNOLIA ST,42.31895135,-71.06968957
ROBBERY,2012,BROOKLEY RD,42.30292636,-71.10592454
ROBBERY,2012,MAVERICK SQ,42.36897634,-71.03941457
ROBBERY,2012,ALBANY ST,42.33390135,-71.07292956
ROBBERY,2012,BOWDOIN AV,42.30089405,-71.07427992
ROBBERY,2012,GREENWOOD ST,42.29805635,-71.07966956
ROBBERY,2012,WARREN ST,42.32902662,-71.08341206
ROBBERY,2012,HAROLD ST,42.31449136,-71.09134956
ROBBERY,2012,BUNKER HILL ST,42.37816134,-71.06025956
ROBBERY,2012,SAVIN HILL AV,42.31176135,-71.05401956
ROBBERY,2012,WESTVILLE ST,42.30011498,-71.07108061
ROBBERY,2012,WENONAH ST,42.31313734,-71.08508439
ROBBERY,2012,BOYLSTON ST,42.35006135,-71.07737956
ROBBERY,2012,TREMONT ST,42.35307228,-71.06434623
ROBBERY,2012,WHITFIELD ST,42.29002405,-71.07331249
ROBBERY,2012,CHELSEA ST,42.38076134,-71.02614958
ROBBERY,2012,FAYWOOD AV,42.39214002,-71.00887398
ROBBERY,2012,LINCOLN ST,42.35090135,-71.05852957
ROBBERY,2012,RIVER ST,42.26953722,-71.09075535
ROBBERY,2012,TREMONT ST,42.33870135,-71.08145456
ROBBERY,2012,PETERBOROUGH ST,42.34279135,-71.10070455
ROBBERY,2012,WELLINGTON HILL ST,42.28052646,-71.09479858
ROBBERY,2012,WHEATLAND AV,42.29283136,-71.07618956
ROBBERY,2012,TALBOT AV,42.29112136,-71.07512956
ROBBERY,2012,BRUNSWICK ST,42.31089636,-71.08006455
ROBBERY,2012,WASHINGTON ST,42.33382141,-71.08029642
ROBBERY,2012,DORCHESTER AV,42.29943135,-71.06040956
ROBBERY,2012,OLNEY ST,42.30547136,-71.06997957
ROBBERY,2012,MERIDIAN ST,42.37431134,-71.03905457
ROBBERY,2012,DUDLEY ST,42.31735135,-71.06583456
ROBBERY,2012,HUNTINGTON AV,42.3412472,-71.08694938
ROBBERY,2012,MONSIGNOR PATRICK J LYDON WAY,42.28923136,-71.05894957
ROBBERY,2012,WASHINGTON ST,42.28180636,-71.13309954
ROBBERY,2012,NIXON ST,42.29379818,-71.065065
ROBBERY,2012,WEBLEY ST,42.35218635,-71.13715454
ROBBERY,2012,COMMONWEALTH AV,42.35059925,-71.11237501
ROBBERY,2012,RAYMOND ST,42.36148634,-71.13345954
ROBBERY,2012,BAILEY ST,42.28337636,-71.07010957
ROBBERY,2012,WINTER ST,42.35553634,-71.06071956
ROBBERY,2012,STUART ST,42.35091634,-71.06343956
ROBBERY,2012,FULLER ST,42.2836616,-71.06589348
ROBBERY,2012,AMERICAN LEGION HY,42.28181109,-71.11552289
ROBBERY,2012,MASSACHUSETTS AV,42.35085135,-71.08950955
ROBBERY,2012,TREMONT ST,42.35691134,-71.06149456
ROBBERY,2012,ADAMS ST,42.30199635,-71.06005956
ROBBERY,2012,HEMENWAY ST,42.34459135,-71.08970955
ROBBERY,2012,ROXBURY ST,42.33019135,-71.09045955
ROBBERY,2012,BULLARD ST,42.30174251,-71.07462624
ROBBERY,2012,WASHINGTON ST,42.34868134,-71.06401456
ROBBERY,2012,NATIONAL ST,42.3342048,-71.04670982
ROBBERY,2012,WASHINGTON ST,42.35471135,-71.06121957
ROBBERY,2012,CENTRAL SQ,42.37468775,-71.03891217
ROBBERY,2012,E SPRINGFIELD ST,42.33602135,-71.07518455
ROBBERY,2012,HARRISON AV,42.35055135,-71.06148957
ROBBERY,2012,DORCHESTER AV,42.29859136,-71.06065957
ROBBERY,2012,W EIGHTH ST,42.33422135,-71.05281456
ROBBERY,2012,WARREN ST,42.32220635,-71.08208955
ROBBERY,2012,OLD COLONY AV,42.32710135,-71.05254957
ROBBERY,2012,GLADSTONE ST,42.38913565,-71.00171995
ROBBERY,2012,E 8TH ST,42.33123135,-71.04836957
ROBBERY,2012,BRUNSWICK ST,42.31089636,-71.08006455
ROBBERY,2012,DORCHESTER AV,42.28261636,-71.06518956
ROBBERY,2012,NORWELL ST,42.30027181,-71.07883611
ROBBERY,2012,JERSEY ST,42.34240635,-71.09675455
ROBBERY,2012,ATLANTIC AV,42.36419135,-71.05106957
ROBBERY,2012,MASSACHUSETTS AV,42.34283135,-71.08498955
ROBBERY,2012,CRANDALL ST,42.28094137,-71.12697955
ROBBERY,2012,BURBANK ST,42.34459135,-71.08970955
ROBBERY,2012,ERIE ST,42.30134136,-71.08287956
ROBBERY,2012,OCONNOR WY,42.32685135,-71.05594957
ROBBERY,2012,HEATH ST,42.32654395,-71.10650315
ROBBERY,2012,CALLENDER ST,42.28846136,-71.08256956
ROBBERY,2012,BLUE HILL AV,42.30100135,-71.08583956
ROBBERY,2012,BREMEN ST,42.37346134,-71.03357458
ROBBERY,2012,PROSPECT ST,42.37638134,-71.05858957
ROBBERY,2012,HUNTINGTON AV,42.33323135,-71.10919955
ROBBERY,2012,SUDAN ST,42.31667136,-71.05540456
ROBBERY,2012,GENEVA AV,42.30573383,-71.0778418
ROBBERY,2012,HALLECK ST,42.33278135,-71.09510955
ROBBERY,2012,VALLAR RD,42.39262966,-71.00843603
ROBBERY,2012,BLUE HILL AV,42.30743135,-71.08382956
ROBBERY,2012,TREMONT ST,42.35691134,-71.06149456
ROBBERY,2012,FLAHERTY WY,42.33791635,-71.05310956
ROBBERY,2012,FREMONT ST,42.27094136,-71.09191955
ROBBERY,2012,RUGGLES ST,42.33446119,-71.08802827
ROBBERY,2012,TREMONT ST,42.35644135,-71.06197957
ROBBERY,2012,BOYLSTON ST,42.35235135,-71.06457956
ROBBERY,2012,WASHINGTON ST,42.33676635,-71.07665456
ROBBERY,2012,HOLWORTHY ST,42.31617349,-71.08920463
ROBBERY,2012,BAIRD ST,42.28590136,-71.09327956
ROBBERY,2012,WASHINGTON ST,42.27911636,-71.06970456
ROBBERY,2012,MAXWELL ST,42.2821823,-71.07792306
ROBBERY,2012,BROMFIELD ST,42.35650134,-71.05983956
ROBBERY,2012,TREMONT ST,42.34412135,-71.07132956
ROBBERY,2012,BLUE HILL AV,42.30911635,-71.08283956
ROBBERY,2012,ASTORIA ST,42.28019636,-71.08690956
ROBBERY,2012,RIVER ST,42.27151137,-71.07631956
ROBBERY,2012,PRENTISS ST,42.33415135,-71.09469955
ROBBERY,2012,ARMINGTON ST,42.34998892,-71.14091642
ROBBERY,2012,BOYLSTON ST,42.35237134,-71.06490456
ROBBERY,2012,SAVIN HILL AV,42.31127531,-71.05314298
ROBBERY,2012,CENTRE ST,42.29393136,-71.06090957
ROBBERY,2012,DUDLEY ST,42.32047135,-71.07159456
ROBBERY,2012,RIVER ST,42.25591637,-71.12316455
ROBBERY,2012,AMERICAN LEGION HY,42.28181109,-71.11552289
ROBBERY,2012,WALES ST,42.29740215,-71.08525677
ROBBERY,2012,WARWICK ST,42.33650135,-71.08382955
ROBBERY,2012,MCLELLAN ST,42.30005635,-71.08429455
ROBBERY,2012,HOMESTEAD ST,42.31121103,-71.08915114
ROBBERY,2012,FRANKLIN HILL AV,42.29489136,-71.09019455
ROBBERY,2012,PARK ST,42.29904136,-71.05907957
ROBBERY,2012,GAINSBOROUGH ST,42.34240149,-71.08891603
ROBBERY,2012,WASHINGTON ST,42.33139635,-71.08233956
ROBBERY,2012,MASSACHUSETTS AV,42.33281635,-71.07256956
ROBBERY,2012,DORCHESTER AV,42.28434661,-71.06469145
ROBBERY,2012,LAWRENCE AV,42.31284636,-71.07842455
ROBBERY,2012,MONSIGNOR PATRICK J LYDON WAY,42.28867638,-71.06129458
ROBBERY,2012,SCHOOL ST,42.31440662,-71.09922659
ROBBERY,2012,KILBY ST,42.35895135,-71.05592957
ROBBERY,2012,ADAMS ST,42.29930136,-71.05815957
ROBBERY,2012,ANNUNCIATION RD,42.33495566,-71.09373917
ROBBERY,2012,MASSACHUSETTS AV,42.33695135,-71.07746962
ROBBERY,2012,PARIS ST,42.37579134,-71.03371457
ROBBERY,2012,MASSACHUSETTS AV,42.32549135,-71.06574955
ROBBERY,2012,NEW WASHINGTON ST,42.30176136,-71.11212955
ROBBERY,2012,W BROADWAY,42.33794635,-71.04948457
ROBBERY,2012,TOWNSEND ST,42.31798136,-71.08952956
ROBBERY,2012,HAMMOND ST,42.33734135,-71.08393956
ROBBERY,2012,BISMARCK ST,42.26975779,-71.09972963
ROBBERY,2012,W 4TH ST,42.33706135,-71.05018957
ROBBERY,2012,E BERKELEY ST,42.34395135,-71.06592957
ROBBERY,2012,MOSELEY ST,42.31971993,-71.05516712
ROBBERY,2012,RUGGLES ST,42.33155135,-71.08336455
ROBBERY,2012,BLUE HILL AV,42.30100135,-71.08583956
ROBBERY,2012,W BROADWAY,42.33843409,-71.0502471
ROBBERY,2012,SEAVER ST,42.30869467,-71.09044998
ROBBERY,2012,HIGH ST,42.37647134,-71.06342957
ROBBERY,2012,ARCADIA ST,42.30083136,-71.06379957
ROBBERY,2012,GRANGER ST,42.30256636,-71.05724457
ROBBERY,2012,FLORIDA ST,42.28733136,-71.05817957
ROBBERY,2012,GENEVA AV,42.29965136,-71.06511957
ROBBERY,2012,ADAMS ST,42.30656135,-71.06205456
ROBBERY,2012,ST ALPHONSUS ST,42.33626135,-71.09909955
ROBBERY,2012,BLUE HILL AV,42.26896636,-71.09367456
ROBBERY,2012,BORDER ST,42.37789134,-71.03995957
ROBBERY,2012,WASHINGTON ST,42.34733135,-71.06439957
ROBBERY,2012,ST JAMES AV,42.34948134,-71.07618456
ROBBERY,2012,PARKER ST,42.33343135,-71.09595955
ROBBERY,2012,QUEENSBERRY ST,42.34254135,-71.09808455
ROBBERY,2012,COLUMBUS AV,42.31508135,-71.09746455
ROBBERY,2012,WALDEN ST,42.32474135,-71.10424455
ROBBERY,2012,HANCOCK ST,42.30967409,-71.06008082
ROBBERY,2012,GRANITE AV,42.27847004,-71.05397459
ROBBERY,2012,JERSEY ST,42.34240635,-71.09675455
ROBBERY,2012,GALLIVAN BL,42.27826136,-71.07577956
ROBBERY,2012,JOY ST,42.35831135,-71.06506957
ROBBERY,2012,LEROY ST,42.30092636,-71.06536957
ROBBERY,2012,DORCHESTER AV,42.31856635,-71.05672956
ROBBERY,2012,DRAPER ST,42.30285135,-71.06400956
ROBBERY,2012,RICHFIELD ST,42.30547136,-71.06997957
ROBBERY,2012,CHARLES ST,42.30054739,-71.06143409
ROBBERY,2012,HILLSIDE ST,42.33011906,-71.10136665
ROBBERY,2012,MURRAY AV,42.32178136,-71.07730956
ROBBERY,2012,AVENUE DE LAFAYETTE,42.35324634,-71.06101456
ROBBERY,2012,EDGERLY RD,42.34519135,-71.08760955
ROBBERY,2012,LATTIMORE CT,42.33667135,-71.08208956
ROBBERY,2012,GENEVA AV,42.30287635,-71.07057456
ROBBERY,2012,ATLANTIC AV,42.36160634,-71.05200456
ROBBERY,2012,BIRCH ST,42.28584136,-71.13119455
ROBBERY,2012,HOWARD AV,42.31373031,-71.07528343
ROBBERY,2012,SPENCER ST,42.29112136,-71.07512956
ROBBERY,2012,BRANNON HARRIS WY,42.33638635,-71.08020455
ROBBERY,2012,W CANTON ST,42.34332052,-71.07555652
ROBBERY,2012,W RUTLAND SQ,42.34264135,-71.07916956
ROBBERY,2012,DANFORTH ST,42.31918136,-71.10391955
ROBBERY,2012,HEATH ST,42.32642135,-71.10105955
ROBBERY,2012,BROMFIELD ST,42.35691634,-71.06073956
ROBBERY,2012,W BROADWAY,42.33614915,-71.0467171
ROBBERY,2012,DANFORTH ST,42.31865425,-71.10443256
ROBBERY,2012,DORCHESTER AV,42.29997635,-71.06024456
ROBBERY,2012,NORTHAMPTON ST,42.34016135,-71.08267955
ROBBERY,2012,BOYLSTON ST,42.35237134,-71.06490456
ROBBERY,2012,ROXBURY ST,42.32952424,-71.08529811
ROBBERY,2012,MERIDIAN ST,42.37199134,-71.03900957
ROBBERY,2012,CENTRAL SQ,42.37468775,-71.03891217
ROBBERY,2012,WINTHROP ST,42.32484135,-71.07868956
ROBBERY,2012,LONG AV,42.35030135,-71.13641954
ROBBERY,2012,PETERBOROUGH ST,42.34279135,-71.10070455
ROBBERY,2012,MASSACHUSETTS AV,42.33151135,-71.07083456
ROBBERY,2012,HECLA ST,42.30675215,-71.06028047
ROBBERY,2012,HARRISON AV,42.33152135,-71.08016956
ROBBERY,2012,THORNLEY ST,42.31415136,-71.05848956
ROBBERY,2012,HUNTINGTON AV,42.3325566,-71.11109868
ROBBERY,2012,COMMONWEALTH AV,42.35057135,-71.12981954
ROBBERY,2012,GREENVILLE ST,42.32723569,-71.08059616
ROBBERY,2012,TREMONT ST,42.35535484,-71.06310606
ROBBERY,2012,SARATOGA ST,42.37630634,-71.03719957
ROBBERY,2012,ST JAMES ST,42.32689635,-71.08639955
ROBBERY,2012,WASHINGTON ST,42.30832136,-71.08326956
ROBBERY,2012,PARK ST,42.35644135,-71.06197957
ROBBERY,2012,STUART ST,42.35105404,-71.0654846
ROBBERY,2012,TRENTON ST,42.38104134,-71.03071957
ROBBERY,2012,TREMONT ST,42.33722135,-71.08415455
ROBBERY,2012,SOUTH ST,42.28825636,-71.13164454
ROBBERY,2012,POLK ST,42.37994134,-71.06060456
ROBBERY,2012,BOSTON ST,42.32597135,-71.05881957
ROBBERY,2012,BUNKER HILL ST,42.37769134,-71.05892456
ROBBERY,2012,E COTTAGE ST,42.32005245,-71.06101624
ROBBERY,2012,FRANKFORT ST,42.36952134,-71.03544957
ROBBERY,2012,LINCOLN ST,42.29996136,-71.05881957
ROBBERY,2012,WESTLAND AV,42.34366135,-71.08800455
ROBBERY,2012,WEBLEY ST,42.34998892,-71.14091642
ROBBERY,2012,WESTERN AV,42.36337538,-71.13312909
ROBBERY,2012,KING ST,42.29205636,-71.06148457
ROBBERY,2012,E BERKELEY ST,42.34432135,-71.06699956
ROBBERY,2012,HYDE PARK AV,42.26701069,-71.12097728
ROBBERY,2012,E BERKELEY ST,42.34323635,-71.06345956
ROBBERY,2012,HEMENWAY ST,42.34322135,-71.09010955
ROBBERY,2012,ARBORWAY,42.30126842,-71.11058908
ROBBERY,2012,ADAMS ST,42.30199635,-71.06005956
ROBBERY,2012,E COTTAGE ST,42.32005245,-71.06101624
ROBBERY,2012,SOUTH ST,42.30552236,-71.11469913
ROBBERY,2012,SHAWMUT AV,42.34580135,-71.06630956
ROBBERY,2012,HORADAN WY,42.33495135,-71.10001955
ROBBERY,2012,RITCHIE ST,42.32206135,-71.09537955
ROBBERY,2012,WASHINGTON ST,42.34422635,-71.14380953
ROBBERY,2012,LONDON ST,42.37284134,-71.03944457
ROBBERY,2012,INTERVALE ST,42.30926135,-71.07422456
ROBBERY,2012,COMMONWEALTH AV,42.34867135,-71.14036954
ROBBERY,2012,TREMONT ST,42.33193579,-71.09381871
ROBBERY,2012,CAMDEN ST,42.33747731,-71.08062448
ROBBERY,2012,BOWDOIN ST,42.31114136,-71.06258957
ROBBERY,2012,MARION ST,42.37516134,-71.03445957
ROBBERY,2012,MALLET ST,42.29048136,-71.05760957
ROBBERY,2012,ST BOTOLPH ST,42.34478135,-71.08091956
ROBBERY,2012,FANEUIL ST,42.35562641,-71.15528981
ROBBERY,2012,HANCOCK ST,42.36023634,-71.06447456
ROBBERY,2012,COMMERCIAL ST,42.35950634,-71.05352956
ROBBERY,2012,WILDWOOD ST,42.28236936,-71.08971958
ROBBERY,2012,BOSTON ST,42.32658135,-71.05856456
ROBBERY,2012,CENTRE ST,42.29195636,-71.06581456
ROBBERY,2012,ELMWOOD ST,42.33082635,-71.09419955
ROBBERY,2012,ERIE ST,42.30317457,-71.07874159
ROBBERY,2012,BEACH ST,42.35104135,-71.05935957
ROBBERY,2012,DORCHESTER AV,42.30113135,-71.05990956
ROBBERY,2012,COMMONWEALTH AV,42.34398135,-71.14240454
ROBBERY,2012,MARION ST,42.37788134,-71.03707957
ROBBERY,2012,STANLEY ST,42.30942295,-71.06956642
ROBBERY,2012,E NEWTON ST,42.33763135,-71.07213956
ROBBERY,2012,WARD ST,42.33479135,-71.09501955
ROBBERY,2012,CHEROKEE ST,42.33097135,-71.10170955
ROBBERY,2012,HEMENWAY ST,42.34322135,-71.09010955
ROBBERY,2012,TREMONT ST,42.35000634,-71.06513456
ROBBERY,2012,WESTERLY ST,42.32311635,-71.10665954
ROBBERY,2012,SAMOSET ST,42.29146636,-71.06487456
ROBBERY,2012,COLUMBIA RD,42.30857469,-71.07480887
ROBBERY,2012,ASPINWALL RD,42.29123636,-71.07474956
ROBBERY,2012,DARTMOUTH ST,42.35084135,-71.07771956
ROBBERY,2012,BLUE HILL AV,42.28094136,-71.09263956
ROBBERY,2012,EMPIRE ST,42.35810135,-71.12757454
ROBBERY,2012,F ST,42.33579135,-71.04892957
ROBBERY,2012,LAGRANGE ST,42.35154635,-71.06352456
ROBBERY,2012,RIVER ST,42.26681702,-71.09568347
ROBBERY,2012,BARTLETT ST,42.32815841,-71.08817813
ROBBERY,2012,FIRTH RD,42.28863136,-71.12582955
ROBBERY,2012,WAVERLY ST,42.32132874,-71.08107438
ROBBERY,2012,AMERICAN LEGION HY,42.29297136,-71.09457956
ROBBERY,2012,NOTTINGHILL RD,42.34308537,-71.14952178
ROBBERY,2012,WESTLAND AV,42.34335135,-71.08570956
ROBBERY,2012,WASHINGTON ST,42.341015,-71.07023868
ROBBERY,2012,SOUTHWICK ST,42.29142136,-71.04908957
ROBBERY,2012,SUMMER ST,42.25636137,-71.12609955
ROBBERY,2012,BROOKWAY RD,42.29199136,-71.12008955
ROBBERY,2012,OREILLY WY,42.3778932,-71.05845334
ROBBERY,2012,NEW RUTHERFORD AV,42.37622134,-71.06914455
ROBBERY,2012,TREMONT ST,42.33722135,-71.08415455
ROBBERY,2012,DORCHESTER AV,42.29552635,-71.06154956
ROBBERY,2012,WARREN ST,42.31772135,-71.08208956
ROBBERY,2012,SCHUYLER ST,42.30837869,-71.085553
ROBBERY,2012,ARGYLE ST,42.28930136,-71.06600957
ROBBERY,2012,STUART ST,42.35103135,-71.06489957
ROBBERY,2012,COLUMBUS AV,42.33930135,-71.08330956
ROBBERY,2012,E 6TH ST,42.33311635,-71.03631457
ROBBERY,2012,COPELAND ST,42.32170135,-71.08190956
ROBBERY,2012,COLUMBUS AV,42.31382135,-71.09571455
ROBBERY,2012,WESTVILLE ST,42.29995136,-71.07229956
ROBBERY,2012,BOWDOIN ST,42.30366395,-71.07101432
ROBBERY,2012,WARREN ST,42.34986409,-71.14529739
ROBBERY,2012,RUGGLES ST,42.33205135,-71.08401956
ROBBERY,2012,JOHNNY CT,42.34777135,-71.06260957
ROBBERY,2012,ALBANY ST,42.34098135,-71.06348957
ROBBERY,2012,MATHER ST,42.29446666,-71.0642023
ROBBERY,2012,CHESTNUT AV,42.31837136,-71.10578955
ROBBERY,2012,DELHI ST,42.27721136,-71.08842956
ROBBERY,2012,PARKER ST,42.32914135,-71.09895955
ROBBERY,2012,HYDE PARK AV,42.29206136,-71.11777454
ROBBERY,2012,TROTTER CT,42.33614135,-71.08162456
ROBBERY,2012,CRESCENT AV,42.31914135,-71.05299956
ROBBERY,2012,BOWDOIN AV,42.30089405,-71.07427992
ROBBERY,2012,W BROADWAY,42.34130529,-71.0547108
ROBBERY,2012,WALNUT AV,42.32037635,-71.08701955
ROBBERY,2012,STUART ST,42.35095634,-71.06389956
ROBBERY,2012,MERCHANTS RW,42.35926634,-71.05553956
ROBBERY,2012,WASHINGTON ST,42.35170634,-71.06273456
ROBBERY,2012,PARIS CT,42.37642134,-71.03296957
ROBBERY,2012,CENTRE ST,42.32287135,-71.10172955
ROBBERY,2012,NORTHAMPTON ST,42.33394861,-71.07537988
ROBBERY,2012,BLUE HILL AV,42.31688136,-71.07806956
ROBBERY,2012,CARSON ST,42.31971049,-71.05420423
ROBBERY,2012,WARREN ST,42.31813635,-71.08187956
ROBBERY,2012,NORFOLK ST,42.28545136,-71.08042956
ROBBERY,2012,BOYLSTON ST,42.34326135,-71.10258955
ROBBERY,2012,GRAMPIAN WY,42.3104355,-71.04766881
ROBBERY,2012,WASHINGTON ST,42.29253135,-71.07178956
ROBBERY,2012,MARKET ST,42.35046074,-71.15265917
ROBBERY,2012,WASHINGTON ST,42.29718998,-71.07242184
ROBBERY,2012,MARYLAND ST,42.31161635,-71.05531957
ROBBERY,2012,UPTON ST,42.34241135,-71.07228455
ROBBERY,2012,BLUE HILL AV,42.29488136,-71.08802956
ROBBERY,2012,BRUNSWICK ST,42.30831635,-71.07599956
ROBBERY,2012,BLUE HILL AV,42.29488136,-71.08802956
ROBBERY,2012,ATLANTIC AV,42.35081682,-71.05637359
ROBBERY,2012,HORADAN WY,42.33399135,-71.09735955
ROBBERY,2012,BLUE HILL AV,42.26867137,-71.09379956
ROBBERY,2012,BAILEY ST,42.28460523,-71.06601901
ROBBERY,2012,PARK ST,42.29473136,-71.07644956
ROBBERY,2012,HOMESTEAD ST,42.31121103,-71.08915114
ROBBERY,2012,BAY ST,42.31061136,-71.05419957
ROBBERY,2012,PARKER ST,42.32412187,-71.10138271
ROBBERY,2012,CHENEY ST,42.30967968,-71.08581621
ROBBERY,2012,DARTMOUTH ST,42.34430135,-71.07445956
ROBBERY,2012,JOY ST,42.35741634,-71.06505956
ROBBERY,2012,COMMONWEALTH AV,42.35182135,-71.12087954
ROBBERY,2012,DANA AV,42.24458137,-71.11683955
ROBBERY,2012,DALE ST,42.32080635,-71.08440955
ROBBERY,2012,HUMBOLDT AV,42.31520635,-71.08783956
ROBBERY,2012,FRENCH ST,42.33073135,-71.09710455
ROBBERY,2012,KENWOOD ST,42.29257655,-71.068225
ROBBERY,2012,LEEDSVILLE ST,42.30516136,-71.05897957
ROBBERY,2012,WASHINGTON ST,42.30511635,-71.08019456
ROBBERY,2012,AMORY ST,42.32275156,-71.10004452
ROBBERY,2012,RIVER ST,42.25600785,-71.12180598
ROBBERY,2012,BLUE HILL AV,42.31904136,-71.07775956
ROBBERY,2012,WORCESTER ST,42.33854135,-71.07697956
ROBBERY,2012,BEAUMONT ST,42.28498636,-71.05894957
ROBBERY,2012,TUTTLE ST,42.31352063,-71.0536397
ROBBERY,2012,TOPLIFF ST,42.30374135,-71.06840456
ROBBERY,2012,SOUTHWOOD ST,42.31810136,-71.07967956
ROBBERY,2012,MARCELLA ST,42.32370135,-71.09568455
ROBBERY,2012,BEACON ST,42.35392635,-71.07802456
ROBBERY,2012,STOUGHTON ST,42.31563136,-71.06192957
ROBBERY,2012,REVERE ST,42.35953134,-71.06802456
ROBBERY,2012,WESTMORE RD,42.28277136,-71.09806455
ROBBERY,2012,SUMMER ST,42.35326134,-71.05711956
ROBBERY,2012,CENTRE ST,42.31880136,-71.11213955
ROBBERY,2012,AMERICAN LEGION HY,42.29297136,-71.09457956
ROBBERY,2012,D ST,42.33671135,-71.05331956
ROBBERY,2012,BRAY ST,42.31730136,-71.09832955
ROBBERY,2012,DUNBAR AV,42.28642636,-71.07163456
ROBBERY,2012,DARLINGTON ST,42.28862136,-71.07557956
ROBBERY,2012,COLUMBIA RD,42.30496635,-71.08107456
ROBBERY,2012,CORNELIA ST,42.33472635,-71.09852455
ROBBERY,2012,CALLENDER ST,42.28905058,-71.08000546
ROBBERY,2012,AUCKLAND ST,42.31199635,-71.05632957
ROBBERY,2012,POWELLTON RD,42.30451135,-71.08076455
ROBBERY,2012,MELVILLE AV,42.29512636,-71.06494456
ROBBERY,2012,STUART ST,42.35101634,-71.06464956
ROBBERY,2012,WASHINGTON ST,42.34284135,-71.06708957
ROBBERY,2012,SYDNEY ST,42.31623135,-71.05258957
ROBBERY,2012,QUINCY ST,42.30885635,-71.06601956
ROBBERY,2012,WASHINGTON ST,42.30381136,-71.11004955
ROBBERY,2012,WASHINGTON ST,42.34177635,-71.06858456
ROBBERY,2012,WALNUT AV,42.31191198,-71.09742355
ROBBERY,2012,CAUSEWAY ST,42.36509125,-71.06197446
ROBBERY,2012,BOYLSTON ST,42.31374135,-71.10083455
ROBBERY,2012,BEACON ST,42.35636135,-71.06852456
ROBBERY,2012,DARTMOUTH ST,42.35006135,-71.07737956
ROBBERY,2012,GREENVILLE ST,42.32723569,-71.08059616
ROBBERY,2012,BLUE HILL AV,42.29464136,-71.08790455
ROBBERY,2012,AGAWAM ST,42.29504636,-71.05433957
ROBBERY,2012,DAWSON ST,42.28983135,-71.05840956
ROBBERY,2012,WASHINGTON ST,42.31536135,-71.09872455
ROBBERY,2012,MORELAND ST,42.32491135,-71.08067955
ROBBERY,2012,TREMONT ST,42.33355135,-71.10296455
ROBBERY,2012,BOYLSTON ST,42.31353136,-71.10049955
ROBBERY,2012,PARK ST,42.29686136,-71.06697957
ROBBERY,2012,TRENTON ST,42.37969634,-71.03427458
ROBBERY,2012,METROPOLITAN AV,42.26206637,-71.11667952
ROBBERY,2012,SHAWMUT AV,42.33566135,-71.08045956
ROBBERY,2012,BLUE HILL AV,42.29611135,-71.08764456
ROBBERY,2012,NEWCOMB ST,42.33416847,-71.07869992
ROBBERY,2012,MERIDIAN ST,42.37555134,-71.03910957
ROBBERY,2012,DORCHESTER AV,42.31688136,-71.05669957
ROBBERY,2012,WHITFIELD ST,42.29064136,-71.07405456
ROBBERY,2012,WESTLAND AV,42.34380635,-71.08892955
ROBBERY,2012,GENEVA AV,42.30821136,-71.08128956
ROBBERY,2012,CAMBRIDGE ST,42.36108135,-71.06870956
ROBBERY,2012,NAZING ST,42.30661328,-71.08584104
ROBBERY,2012,SONOMA ST,42.30843635,-71.08717455
ROBBERY,2012,COMMONWEALTH AV,42.34158136,-71.14537665
ROBBERY,2012,TREMONT ST,42.33388135,-71.10399454
ROBBERY,2012,COLUMBUS AV,42.34097635,-71.08127455
ROBBERY,2012,WALFORD WY,42.37840134,-71.05646956
ROBBERY,2012,COPELAND ST,42.32193532,-71.08141914
ROBBERY,2012,WASHINGTON ST PL,42.34381635,-71.14304453
ROBBERY,2012,STOUGHTON ST,42.31660446,-71.06412844
ROBBERY,2012,PUTNAM ST,42.37797134,-71.03173957
ROBBERY,2012,PARK DR,42.34788635,-71.10570954
ROBBERY,2012,AMORY ST,42.31775136,-71.10173955
ROBBERY,2012,NEWBURY ST,42.34998635,-71.08103456
ROBBERY,2012,WYOMING ST,42.31507455,-71.08505496
ROBBERY,2012,BRADEEN ST,42.29119136,-71.12303955
ROBBERY,2012,TREMONT ST,42.35634134,-71.06208456
ROBBERY,2012,TYLER ST,42.34821135,-71.06170957
ROBBERY,2012,PRINCETON ST,42.37767634,-71.03557957
ROBBERY,2012,RUGGLES ST,42.33446119,-71.08802827
ROBBERY,2012,WASHINGTON ST,42.30241135,-71.07781456
ROBBERY,2012,SPENCER ST,42.29112136,-71.07512956
ROBBERY,2012,WASHINGTON ST,42.29718998,-71.07242184
ROBBERY,2012,GLENWAY ST,42.29996136,-71.08208956
ROBBERY,2012,CENTRE ST,42.29334606,-71.06307192
ROBBERY,2012,HOWARD AV,42.32007635,-71.07143956
ROBBERY,2012,BLUE HILL AV,42.31603135,-71.07820956
ROBBERY,2012,KNEELAND ST,42.35078761,-71.06252245
ROBBERY,2012,WINTER ST,42.35602134,-71.06174456
ROBBERY,2012,ORCHARDFIELD ST,42.30389635,-71.05884957
ROBBERY,2012,RAVEN ST,42.31834135,-71.05464457
ROBBERY,2012,CENTRE ST,42.28250136,-71.15748453
ROBBERY,2012,CORINTH ST,42.28605636,-71.12954954
ROBBERY,2012,BEACON ST,42.35611134,-71.06961456
ROBBERY,2012,AUCKLAND ST,42.31284136,-71.05602957
ROBBERY,2012,CENTRE ST,42.32283635,-71.10382955
ROBBERY,2012,WARREN AV,42.34366135,-71.07678956
ROBBERY,2012,COMMONWEALTH AV,42.34142635,-71.14600453
ROBBERY,2012,QUINCY ST,42.31591135,-71.08146956
ROBBERY,2012,W BROADWAY,42.34255135,-71.05717957
ROBBERY,2012,BLUE HILL AV,42.32013665,-71.07777631
ROBBERY,2012,HAMILTON ST,42.30741136,-71.06863957
ROBBERY,2012,NEWBURY ST,42.35057135,-71.07881456
ROBBERY,2012,HOWELL ST,42.32514135,-71.05818456
ROBBERY,2012,JOHN ELIOT SQ,42.33000135,-71.09130955
ROBBERY,2012,FENWAY,42.34078635,-71.09974455
ROBBERY,2012,WASHINGTON ST,42.28418782,-71.07156968
ROBBERY,2012,BICKFORD AV,42.32680635,-71.10240955
ROBBERY,2012,BOSTON ST,42.32092135,-71.06132456
ROBBERY,2012,DORCHESTER AV,42.29943135,-71.06040956
ROBBERY,2012,TREMONT ST,42.33698135,-71.08457955
ROBBERY,2012,FENWAY,42.34075135,-71.09374955
ROBBERY,2012,CARRUTH ST,42.28336136,-71.06064957
ROBBERY,2012,ASPINWALL RD,42.29179136,-71.07244456
ROBBERY,2012,OLNEY ST,42.30489136,-71.07411956
ROBBERY,2012,BENNINGTON ST,42.37648634,-71.03477458
ROBBERY,2012,DORCHESTER ST,42.33061635,-71.05490456
ROBBERY,2012,DAKOTA ST,42.29858136,-71.07255956
ROBBERY,2012,UNION PARK,42.34209135,-71.07062956
ROBBERY,2012,SYMPHONY RD,42.34261135,-71.08659956
ROBBERY,2012,DORCHESTER AV,42.31367635,-71.05703956
ROBBERY,2012,DORCHESTER AV,42.28962136,-71.06320456
ROBBERY,2012,HARRISON AV,42.33023135,-71.08188956
ROBBERY,2012,HYDE PARK AV,42.28018636,-71.11898454
ROBBERY,2012,FENTON ST,42.30337635,-71.05695457
ROBBERY,2012,AMORY ST,42.31913635,-71.10064455
ROBBERY,2012,PARKER ST,42.33696135,-71.09363955
ROBBERY,2012,GENEVA AV,42.30821136,-71.08128956
ROBBERY,2012,DORCHESTER AV,42.29081136,-71.06288956
ROBBERY,2012,MORRELL ST,42.2734191,-71.16843283
ROBBERY,2012,NORFOLK ST,42.28788136,-71.07803456
ROBBERY,2012,S HUNTINGTON AV,42.33115135,-71.11170954
ROBBERY,2012,LORNE ST,42.29401136,-71.09135455
ROBBERY,2012,WINTHROP ST,42.32422656,-71.07757817
ROBBERY,2012,WASHINGTON ST,42.3325566,-71.11109868
ROBBERY,2012,FENTON ST,42.30337635,-71.05695457
ROBBERY,2012,PERRIN ST,42.32233562,-71.07852551
ROBBERY,2012,HUMBOLDT AV,42.31581135,-71.08735956
